f1,f2,f3,f4,f5,f6,f7,f8,f9,f10
P,mE0VH,6H,b8,8Tew1k,f2E1QG,AQ,9p,wtqPsmqvARH7YcJxM,yUmlaUgO8X
gnQzA,c1NI,Zv,Z,JK81x3KNNkUz,clPx1Eq,MWo,J,8yRRkVgSDngzYr48,hr8i3
z7GE,cXcoO,y,bx,LCdu,xk8,tBcpF0N420,0VLPi97cPKCX,XOXwhDfqP7,sLApwEu
EoAW,cDYN8x4c,7ui,s,MduBEbHB,zDc4Bp,ukUh0Fj0qV,MbWMvbGC,8dDWqo5ejW3zvLQsQOas,E
A,dV,6ky,TI,s,u,bo9g,ymBO07jaEo,Uj8u76Zmicwz,3UygXvgT
2RZ2,IyrS,PN,7,Yj8S7j4iko,KMpFIzM,CFADt,S6aNoRG4jTHP,BghgM1faJ,U
qjY4,3h7iRYSw,aS,CD,69jwEp,m,WFaoHAB,RxX8s,jp2hGE51BKIdqx2smpG,y8gF61oG20AVx
Ofr,ob2vb1nEi,O0B,g,rv4,tDMG3Vg,0KvsOO,IjTd,CtbzFyuV,TfxI6jpy
Elhdr,u5OuR5ZHL,s,Th,x8U4WKtNUf,IuEsiYf,6,YGZaToTng3,MWUhGZY7FS7B,AshMqVsP8
a8dJ,RMvAoxrrqS,duq,0,4ZVp0zMGfC,TpOSXB,st0A,r4V,dwPqT1PaUfbupbiTQWby,rz
JTl,Rgao9Dg,bn,nY,b2az8rP,rvgYLyC,rmrrxiJKH7,C7PTXHl3FSE,HrEw6E0UqqNCeBR4d0,ghfz4uRSb9T
f,2,SC,3,aZ6SG,NL68,e3RyAWSS,qqdeEoMjFW,14OJ6cytJF,fkGFGJO085
3KCU,BSHyr,A,jk,hE,ot,TB43gmn,ReERDi6J9TNR,jsEBSIP,t9Or16rGz
l5W9t,Q1xqA8Uv,5vb,Qm,gly1EH0nwG,ya,wKMYW51J7J,jn25lH6,5aZz,9Ddp1gvCW7b
x,Cz,Zo,J,7tAMMw2wJB,L5sRuB,7jse15GHPy,LrY211P8Ix2,aUxVcX7M,tqOESInbusAd
